{
  "VB": {
    "tag": "VB",
    "label": "Base form",
    "opinion": {
      "be": [8255, 0.14038160669342223],
      "make": [1385, 0.02355281953608598],
      "get": [1352, 0.02299163322222978],
      "don't": [1120, 0.01904632337936195],
      "know": [1006, 0.017107679749676894],
      "see": [1004, 0.017073668457928032],
      "take": [956, 0.016257397455955377],
      "go": [787, 0.013383443303176654],
      "put": [777, 0.013213386844432351],
      "help": [727, 0.012363104550710836]
    },
    "reporting": {
      "be": [18558, 0.12206158986569147],
      "make": [3471, 0.022829818861074207],
      "get": [3337, 0.021948460253357713],
      "take": [2786, 0.018324366276851838],
      "don't": [2443, 0.016068351333219325],
      "see": [2369, 0.015581630908062458],
      "know": [2328, 0.015311961483313383],
      "help": [2211, 0.014542417027322117],
      "go": [2149, 0.014134624238677174],
      "come": [2010, 0.01322037911574738]
    }
  },
  "VBD": {
    "tag": "VBD",
    "label": "Past tense",
    "opinion": {
      "was": [8081, 0.18235771990792976],
      "had": [2990, 0.06747303335289073],
      "were": [2682, 0.060522633930586274],
      "said": [2096, 0.04729882204269531],
      "did": [1459, 0.03292413232838381],
      "told": [726, 0.01638308435257481],
      "won": [669, 0.015096809134810669],
      "didn't": [652, 0.014713183192670488],
      "wrote": [524, 0.011824705510673827],
      "found": [493, 0.011125152322065261]
    },
    "reporting": {
      "said": [38668, 0.17946302183649315],
      "was": [31513, 0.14625577239922957],
      "had": [17900, 0.08307613765576775],
      "were": [11036, 0.05121945559603648],
      "did": [5767, 0.026765367925185066],
      "told": [4084, 0.018954354535539415],
      "wrote": [2515, 0.011672429396885805],
      "asked": [2165, 0.010048035643840067],
      "came": [1948, 0.00904091151695171],
      "took": [1944, 0.0090223470169169]
    }
  },
  "VBG": {
    "tag": "VBG",
    "label": "Gerund or present participle",
    "opinion": {
      "being": [1165, 0.027076022032677158],
      "going": [908, 0.021103028331047945],
      "including": [874, 0.020312826829665093],
      "something": [703, 0.016338578102121925],
      "making": [651, 0.015130034629418736],
      "thing": [609, 0.014153903363004625],
      "doing": [558, 0.012968601110930346],
      "nothing": [558, 0.012968601110930346],
      "trying": [540, 0.012550259139610012],
      "working": [518, 0.012038952285774049]
    },
    "reporting": {
      "including": [4188, 0.03006309804963139],
      "according": [4091, 0.029366794202732097],
      "going": [3143, 0.02256168031757198],
      "meeting": [3116, 0.022367863782868053],
      "being": [2920, 0.020960899308721026],
      "trying": [1834, 0.013165167579518617],
      "saying": [1833, 0.013157989189344398],
      "making": [1648, 0.011829987007113785],
      "working": [1545, 0.011090612819169173],
      "hearing": [1360, 0.00976261063693856]
    }
  },
  "VBN": {
    "tag": "VBN",
    "label": "Past participle",
    "opinion": {
      "been": [3486, 0.0837698851348104],
      "made": [1169, 0.028091507665689432],
      "need": [967, 0.023237372038256356],
      "left": [923, 0.0221800355649541],
      "called": [648, 0.015571682606815015],
      "used": [615, 0.014778680251838323],
      "given": [499, 0.01199115682222329],
      "done": [489, 0.011750853078290959],
      "set": [444, 0.010669486230595472],
      "led": [385, 0.009251694141394724]
    },
    "reporting": {
      "been": [11343, 0.08058340023159824],
      "made": [4489, 0.03189093569951904],
      "called": [3069, 0.021802914159461784],
      "left": [2000, 0.01420848104233417],
      "used": [1913, 0.013590412116992632],
      "need": [1705, 0.012112730088589879],
      "set": [1682, 0.011949332556603036],
      "led": [1481, 0.010521380211848452],
      "expected": [1400, 0.009945936729633918],
      "known": [1383, 0.009825164640774079]
    }
  },
  "VBZ": {
    "tag": "VBZ",
    "label": "Non-3rd person singular present",
    "opinion": {
      "is": [17894, 0.4380523391025484],
      "has": [7624, 0.18663859580405884],
      "does": [892, 0.02183651986584739],
      "seems": [548, 0.013415261083502656],
      "means": [468, 0.011456828808538764],
      "makes": [445, 0.010893779529486647],
      "wants": [413, 0.01011040661950109],
      "says": [402, 0.009841122181693555],
      "needs": [342, 0.008372297975470636],
      "comes": [313, 0.007662366275796225]
    },
    "reporting": {
      "is": [33846, 0.378336686787391],
      "has": [25272, 0.2824949698189135],
      "does": [1871, 0.020914375139727253],
      "says": [1041, 0.011636485580147552],
      "wants": [815, 0.009110216856695729],
      "comes": [753, 0.008417169684775318],
      "calls": [734, 0.00820478426112229],
      "remains": [702, 0.007847082494969819],
      "makes": [628, 0.007019897160742231],
      "appears": [614, 0.006863402638050525]
    }
  },
  "VBP": {
    "tag": "VBP",
    "label": "3rd person singular present",
    "opinion": {
      "have": [7935, 0.3267852730417593],
      "are": [7322, 0.3015402355654394],
      "do": [2471, 0.10176262251873816],
      "think": [1318, 0.05427888971254427],
      "say": [941, 0.03875298575076188],
      "want": [926, 0.03813524421382094],
      "believe": [627, 0.025821596244131457],
      "am": [403, 0.016596655959146694],
      "hate": [162, 0.006671608598962194],
      "include": [150, 0.006177415369409439]
    },
    "reporting": {
      "have": [22709, 0.38564344665964745],
      "are": [15652, 0.2658017185748735],
      "do": [5263, 0.0893760826002785],
      "say": [3441, 0.058434942091498826],
      "think": [2925, 0.04967224807254696],
      "want": [2292, 0.0389226641306932],
      "believe": [1283, 0.02178786129130863],
      "include": [713, 0.012108141154094351],
      "am": [550, 0.009340080834154128],
      "expect": [419, 0.007115443399110145]
    }
  },
  "all": {
    "tag": "all",
    "label": "Any verb",
    "opinion": {
      "is": [17894, 0.0707566381304494],
      "be": [8255, 0.03264200557543644],
      "was": [8081, 0.03195397299274402],
      "have": [7935, 0.03137665829692165],
      "has": [7624, 0.030146898910615078],
      "are": [7322, 0.028952727416516735],
      "been": [3486, 0.013784376915320588],
      "had": [2990, 0.01182308863362265],
      "were": [2682, 0.010605191878052155],
      "do": [2472, 0.00977480772652682],
      "said": [2096, 0.008288024674271931],
      "did": [1459, 0.00576919274797841],
      "make": [1385, 0.0054765811898218626],
      "get": [1352, 0.005346092251725024],
      "think": [1318, 0.005211649103382827],
      "made": [1169, 0.0046224717768243734],
      "being": [1165, 0.004606654935842939],
      "don't": [1120, 0.004428715474801795],
      "know": [1006, 0.003977935506830899],
      "see": [1004, 0.003970027086340181],
      "need": [972, 0.003843492358488701],
      "take": [956, 0.003780224994562961],
      "say": [951, 0.0037604539433361674],
      "want": [932, 0.003685323948674351],
      "left": [923, 0.0036497360564661224],
      "going": [908, 0.003590422902785741],
      "does": [892, 0.003527155538860001],
      "including": [874, 0.0034559797544435437],
      "go": [787, 0.0031119634630973328],
      "put": [777, 0.0030724213606437454],
      "told": [728, 0.002878665058621167],
      "help": [727, 0.0028747108483758083],
      "something": [703, 0.002779809802487198],
      "won": [669, 0.002645366654145001],
      "become": [666, 0.0026335040234089246],
      "didn't": [652, 0.002578145079973902],
      "making": [651, 0.0025741908697285436],
      "called": [648, 0.0025623282389924673],
      "come": [646, 0.00255441981850175],
      "believe": [629, 0.002487198244330651],
      "let": [618, 0.002443701931631705],
      "used": [615, 0.0024318393008956286],
      "thing": [609, 0.002408114039423476],
      "doing": [558, 0.00220644931691018],
      "nothing": [558, 0.00220644931691018],